CREATE TABLE IF NOT EXISTS `users` (
  `id` int(8) NOT NULL AUTO_INCREMENT,
  `name` varchar(30) NOT NULL,
  `email` varchar(60) NOT NULL,
  `password` varchar(40) NOT NULL,
  `status` varchar(5) NOT NULL DEFAULT 'no',
  `usertype` varchar(12) DEFAULT NULL,
  PRIMARY KEY (`id`),
  UNIQUE KEY `email` (`email`)
) ENGINE=InnoDB DEFAULT CHARSET=latin1;

INSERT INTO `users` (`id`, `name`, `email`, `password`, `status`, `usertype`) VALUES
(1, 'T Kumanan', 'mtkumanan@yahoo.com', '06416b4a295c056bd50ade615c3c17af', 'yes', 'Doctor'),
(2, ' S Ghetheeswaran', 'ghethees@gmail.com', '53f3f332bfb4ba0ba20c61cecd5a94d3', 'no', 'Doctor'),
(3, 'A Raveendran', 'raveen@gmail.com', 'cf734cde10b4056d04b3ca5c3993ad84', 'yes', 'MOH'),
(4, 'S Balendran', 'balen@gmail.com', '3d0b3ab9d05aabee3e86ab1bf83c7122', 'no', 'MOH'),
(5, 'U Indrajith', 'indrajith@gmail.com', '8935f8ad53207a09c8cf50d78c05e607', 'yes', 'PHI'),
(7, 'G Haran', 'haran@gmail.com', '783c54ad139a10a28421a24d6951850c', 'no', 'PHI'),
(8, 'M Naven', 'naven@gmail.com', '0f8a15fe8d79415a9950446fbda5c4e3', 'yes', 'RDHS'),
(9, 'J Suren', 'suren@gmail.com', '8f5169d8902bc9a28d9d76439e9f9f69', 'no', 'RDHS'),
(10, 'R Pavan', 'pavan@gmail.com', '7025259073de805705e3b1f0fa2196cf', 'yes', 'EU'),
(11, 'V Sri', 'sri@gmail.com', '73de390e5cc90cc41a3a280b12e6be0e', 'no', 'EU'),
(12, 'T Peranantharajah', 'peranantharajah@gmail.com', 'ba10c7fc62369c2d3dbe0ac228a013b7', 'yes', 'Doctor'),
(13, ' S Sivansuthan', 'suthan@gmail.com', '144aad38c31073f60e844ba4f76ad767', 'no', 'Doctor');

CREATE TABLE IF NOT EXISTS `institute` (
  `insName` varchar(35) NOT NULL,
  `insType` text NOT NULL,
  `addLine1` text NOT NULL,
  `addLine2` text,
  `province` text NOT NULL,
  `district` text NOT NULL,
  `gsDiv` text NOT NULL,
  `mohArea` text NOT NULL,
  PRIMARY KEY (`insName`)
) ENGINE=InnoDB DEFAULT CHARSET=latin1;

INSERT INTO `institute` (`insName`, `insType`, `addLine1`, `addLine2`, `province`, `district`, `gsDiv`, `mohArea`) VALUES
('Care and Cure', 'Private', '', NULL, '', '', '', ''),
('Dental Surgery', 'Private', '', NULL, '', '', '', ''),
('Divisional Hospital', 'Private', '', NULL, '', '', '', ''),
('Jaffna Teaching Hospital', 'Government', 'aaaaa', 'qqqqqq', 'rrrrr', 'dddddd', 'sed234', 'ghjiuu'),
('Life Care Medi Cilinic', 'Private', '', NULL, '', '', '', ''),
('Mangalapathy Siddha Ayurvedic', 'Private', '', NULL, '', '', '', ''),
('Modern New Medi Care Hospital', 'Private', '', NULL, '', '', '', ''),
('Nagaa Medical Centre', 'Private', '', NULL, '', '', '', ''),
('New Yarl Hospital', 'Private', '', NULL, '', '', '', ''),
('Northern Central Hospitals', 'Private\r\n', '', NULL, '', '', '', ''),
('Pillaiyar Medi Clinic', 'Private', '', NULL, '', '', '', ''),
('Rakavo Hospital', 'Private', '', NULL, '', '', '', ''),
('Renny Dental and Optical Service', 'Private', '', NULL, '', '', '', ''),
('Royal Medical Centre', 'Private', '', NULL, '', '', '', ''),
('Ruhlins Hospital', 'Private', '', NULL, '', '', '', ''),
('Sampanthar Modern Clinic', 'Private', '', NULL, '', '', '', ''),
('Shan''s Health Care', 'Private', '', NULL, '', '', '', ''),
('Shanthe Medi Clinic', 'Private', '', NULL, '', '', '', ''),
('Suharni Hospital', 'Private', '', NULL, '', '', '', ''),
('Sujeeva Hospital', 'Private', '', NULL, '', '', '', ''),
('Sunrise Medi Clinic', 'Private', '', NULL, '', '', '', '');

CREATE TABLE IF NOT EXISTS `doctor` (
  `userId` int(8) NOT NULL,
  `firstName` text NOT NULL,
  `lastName` text NOT NULL,
  `gender` text NOT NULL,
  `regNo` varchar(8) NOT NULL,
  `designation` text NOT NULL,
  `addLine1` text NOT NULL,
  `addLine2` text,
  `province` text NOT NULL,
  `district` text NOT NULL,
  `contactNoOffice` text NOT NULL,
  `contactNoMobile` text NOT NULL,
  `hospital1` text NOT NULL,
  `hospital2` text,
  `hospital3` text,
  `hospital4` text,
  `hospital5` text,
  `otherHospital` text,
  PRIMARY KEY (`regNo`),
  CONSTRAINT doctor_user_id FOREIGN KEY (userId) REFERENCES users(id) ON UPDATE CASCADE
) ENGINE=InnoDB DEFAULT CHARSET=latin1;

INSERT INTO `doctor` (`userId`, `firstName`, `lastName`, `gender`, `regNo`, `designation`, `addLine1`, `addLine2`, `province`, `district`, `contactNoOffice`, `contactNoMobile`, `hospital1`, `hospital2`, `hospital3`, `hospital4`, `hospital5`, `otherHospital`) VALUES
(1, 'Thirunavukarasu', 'Kumanan', 'Male', 'JDR101', 'Consultant Physician', '127/7 A', 'Temple Rd', 'Northern', 'Jaffna', ' 0212228129', '', 'Jaffna Teaching Hospital', 'Northern Central Hospitals', '', '', '', ''),
(12, 'T', 'Peranantharajah', 'Male', 'JDR102', 'Physician', '12 A', 'Palai Rd', 'Northern', 'Jaffna', '', '077 111 1111', 'Jaffna Teaching Hospital', 'Suharni Hospital', '', '', '', '');

CREATE TABLE IF NOT EXISTS `eu` (
  `userId` int(8) NOT NULL,
  `insName` varchar(35) NOT NULL,  
  `firstName` text NOT NULL,
  `lastName` text NOT NULL,
  `euDiv` varchar(8) NOT NULL,
  `addLine1` text NOT NULL,
  `addLine2` text,
  `province` text NOT NULL,
  `district` text NOT NULL,
  `contactNoOffice` text NOT NULL,
  `contactNoMobile` text NOT NULL,
  PRIMARY KEY (`euDiv`),
  CONSTRAINT eu_user_id FOREIGN KEY (userId) REFERENCES users(id) ON UPDATE CASCADE,
  CONSTRAINT eu_ins_name FOREIGN KEY (insName) REFERENCES institute(insName) ON UPDATE CASCADE
) ENGINE=InnoDB DEFAULT CHARSET=latin1;

INSERT INTO `eu` (`userId`, `insName`, `firstName`, `lastName`, `euDiv`, `addLine1`, `addLine2`, `province`, `district`, `contactNoOffice`, `contactNoMobile`) VALUES
(10, 'Jaffna Teaching Hospital', 'Ram', 'Pavan', 'JEU101', '45, Palam Rd', 'Kandarmadam', 'Northern', 'Jaffna', '', '0777161561');

CREATE TABLE IF NOT EXISTS `moh` (
  `userId` int(8) NOT NULL,
  `insName` varchar(35) NOT NULL,
  `firstName` text NOT NULL,
  `lastName` text NOT NULL,
  `mohRegNo` varchar(8) NOT NULL,
  `mohArea` text NOT NULL,
  `addLine1` text NOT NULL,
  `addLine2` text,
  `province` text NOT NULL,
  `district` text NOT NULL,
  `contactNoOffice` text NOT NULL,
  `contactNoMobile` text NOT NULL,
  PRIMARY KEY (`mohRegNo`),
  CONSTRAINT moh_user_id FOREIGN KEY (userId) REFERENCES users(id) ON UPDATE CASCADE,
  CONSTRAINT moh_ins_name FOREIGN KEY (insName) REFERENCES institute(insName) ON UPDATE CASCADE
) ENGINE=InnoDB DEFAULT CHARSET=latin1;

INSERT INTO `moh` (`userId`, `insName`, `firstName`, `lastName`, `mohRegNo`, `mohArea`, `addLine1`, `addLine2`, `province`, `district`, `contactNoOffice`, `contactNoMobile`) VALUES
(3, 'Jaffna Teaching Hospital', 'Aravinthan',  'Raveenran', 'JMOH101', 'Jaffna', '17/8', 'Brown Rd', 'Northern', 'Jaffna', '0212342346', '');

CREATE TABLE IF NOT EXISTS `phi` (
  `userId` int(8) NOT NULL,
  `insName` varchar(35) NOT NULL,
  `firstName` text NOT NULL,
  `lastName` text NOT NULL,
  `phiRegNo` varchar(8) NOT NULL,
  `phiRange` text NOT NULL,
  `addLine1` text NOT NULL,
  `addLine2` text,
  `province` text NOT NULL,
  `district` text NOT NULL,
  `contactNoOffice` text NOT NULL,
  `contactNoMobile` text NOT NULL,
  PRIMARY KEY (`phiRegNo`),
  CONSTRAINT phi_user_id FOREIGN KEY (userId) REFERENCES users(id) ON UPDATE CASCADE,
  CONSTRAINT phi_ins_name FOREIGN KEY (insName) REFERENCES institute(insName) ON UPDATE CASCADE
) ENGINE=InnoDB DEFAULT CHARSET=latin1;

INSERT INTO `phi` (`userId`, `insName`, `firstName`, `lastName`, `phiRegNo`, `phiRange`, `addLine1`, `addLine2`, `province`, `district`, `contactNoOffice`, `contactNoMobile`) VALUES
(5, 'Jaffna Teaching Hospital', 'Udaya', 'Indrajith', 'JPHI101', 'Nallur', '2 Udhaya Vasa', 'Browm Rd', 'Northern', 'Jaffna', '7868473645', '021 2227272');

CREATE TABLE IF NOT EXISTS `rdhs` (
  `userId` int(8) NOT NULL,
  `insName` varchar(35) NOT NULL,
  `firstName` text NOT NULL,
  `lastName` text NOT NULL,
  `rdhsDiv` varchar(8) NOT NULL,
  `addLine1` text NOT NULL,
  `addLine2` text,
  `province` text NOT NULL,
  `district` text NOT NULL,
  `contactNoOffice` text NOT NULL,
  `contactNoMobile` text NOT NULL,
  PRIMARY KEY (`rdhsDiv`),
  CONSTRAINT rdhs_user_id FOREIGN KEY (userId) REFERENCES users(id) ON UPDATE CASCADE,
  CONSTRAINT rdhs_ins_name FOREIGN KEY (insName) REFERENCES institute(insName) ON UPDATE CASCADE
) ENGINE=InnoDB DEFAULT CHARSET=latin1;

INSERT INTO `rdhs` (`userId`, `insName`, `firstName`, `lastName`, `rdhsDiv`, `addLine1`, `addLine2`, `province`, `district`, `contactNoOffice`, `contactNoMobile`) VALUES
(8, 'Jaffna Teaching Hospital', 'Maran ', 'Naven', 'JRDHS101', '34/2', 'Sivan Rd', 'Northern', 'Jaffna', '0753415267', '0212216356');

CREATE TABLE IF NOT EXISTS `patient` (
  `paId` int(11) NOT NULL AUTO_INCREMENT,
  `userId` int(8) NOT NULL,
  `insName` varchar(35) NOT NULL,
  `firstName` text NOT NULL,
  `lastName` text NOT NULL,
  `nickName` text,
  `gender` text NOT NULL,
  `birthDate` date DEFAULT NULL,
  `yearOfBirth` int(4) DEFAULT NULL,
  `age` int(3) NOT NULL,
  `nextOfKinFirstName` text,
  `nextOfKinLastName` text,
  `guardian` text,
  `guardianFirstName` text,
  `guardianLastName` text,
  `ethnicGroup` text,
  `resAddLine1` text NOT NULL,
  `resAddLine2` text,
  `resGsDivName` text,
  `resGsDiv` text,
  `resDsDiv` text,
  `resDistrict` text NOT NULL,
  `resProvince` text NOT NULL,  
  `resMohArea` text NOT NULL,
  `resPhiRange` text NOT NULL,
  `resLandmark` text NOT NULL,
  `curAddLine1` text NOT NULL,
  `curAddLine2` text,
  `curGsDivName` text,
  `curGsDiv` text,
  `curDsDiv` text,
  `curDistrict` text NOT NULL,
  `curProvince` text NOT NULL,  
  `curMohArea` text NOT NULL,
  `curPhiRange` text NOT NULL,
  `curLandmark` text NOT NULL,
  `contactNoMobile` text NOT NULL,
  `contactNoHome` text NOT NULL,
  `visitArea` text,
  PRIMARY KEY (`paId`),
  CONSTRAINT pa_user_id FOREIGN KEY (userId) REFERENCES users(id) ON UPDATE CASCADE,
  CONSTRAINT pa_ins_name FOREIGN KEY (insName) REFERENCES institute(insName) ON UPDATE CASCADE
) ENGINE=InnoDB DEFAULT CHARSET=latin1;

INSERT INTO `patient` (`paId`, `userId`, `insName`, `firstName`, `lastName`, `nickName`, `gender`, `birthDate`, `yearOfBirth`, `age`, `nextOfKinFirstName`, `nextOfKinLastName`, `guardian`, `guardianFirstName`, `guardianLastName`, `ethnicGroup`, `resAddLine1`, `resAddLine2`, `resGsDivName`, `resGsDiv`, `resDsDiv`, `resDistrict`, `resProvince`, `resMohArea`, `resPhiRange`, `resLandmark`, `curAddLine1`, `curAddLine2`, `curGsDivName`, `curGsDiv`, `curDsDiv`, `curDistrict`, `curProvince`, `curMohArea`, `curPhiRange`, `curLandmark`, `contactNoMobile`, `contactNoHome`, `visitArea`) VALUES
(1, 1, 'Nagaa Medical Centre', 'Singh', 'Mahi', '', 'Male', '0000-00-00', 0, 18, 'Priyanka', 'Dhoni', '', '', '', '', '23 Navalar Road', '-', '-', '-', 'Jaffna', 'Northern', '', '', '', 'Infront of Navalar Cultural Hall', '23 Navalar Road', '-', '-', '-', 'Jaffna', 'Northern', '', '', '', 'Infront of Navalar Cultural Hall', '', '0212219947',''),
(2, 1, 'Renny Dental and Optical Service', 'Dhoni', 'Rajendran', '', 'Male', '2014-01-16', 0, 3, 'Priyanka', 'Dhoni', '', '', '', '', '23 Navalar Road', '-', '-', '-', 'Jaffna', 'Northern', '', '', '', 'Infront of Navalar Cultural Hall', '23 Navalar Road', '-', '-', '-', 'Jaffna', 'Northern', '', '', '', 'Infront of Navalar Cultural Hall', '', '0212219947',''),
(3, 1, 'Nagaa Medical Centre', 'Shadshi', 'Sai', 'Shan', 'Female', '2015-01-06', 0, 2, '', '', 'Mother', 'Shan', 'Sri', '', '67, Palam Road', 'Kandarmadam', '-', '-', 'Jaffna', 'Northern', '', '', '', 'Infront of Navalar Cultural Hall', '67, Palam Road', 'Kandarmadam', '-', '-', 'Jaffna', 'Northern', '', '', '', 'Infront of Navalar Cultural Hall', '077 177 1134', '', '');

CREATE TABLE IF NOT EXISTS `notification` (
  `id` int(11) NOT NULL AUTO_INCREMENT,
  `userId` int(8) NOT NULL,
  `insName` varchar(35) NOT NULL,
  `paId` int(11) NOT NULL,
  `diseaseGroup` text NOT NULL,
  `diseaseName` text NOT NULL,
  `onsetDate` date NOT NULL,
  `regDate` date NOT NULL,
  `regOrBHTNo` text,
  `ward` text NOT NULL,
  `ns1` text,
  `igm` text,
  `igg` text NOT NULL,
  `designation` text NOT NULL,
  PRIMARY KEY (`id`),
  CONSTRAINT noti_user_id FOREIGN KEY (userId) REFERENCES users(id) ON UPDATE CASCADE,
  CONSTRAINT noti_ins_name FOREIGN KEY (insName) REFERENCES institute(insName) ON UPDATE CASCADE,
  CONSTRAINT noti_pa_id FOREIGN KEY (paId) REFERENCES patient(paId) ON UPDATE CASCADE
) ENGINE=InnoDB DEFAULT CHARSET=latin1 AUTO_INCREMENT=1 ;

INSERT INTO `notification` (`id`, `userId`, `insName`, `paId`, `diseaseGroup`, `diseaseName`, `onsetDate`, `regDate`, `regOrBHTNo`, `ward`, `ns1`, `igm`, `igg`, `designation`) VALUES
(29, 1, 'Nagaa Medical Centre', 1, 'Group A', 'Plague', '2017-01-03', '2017-01-13', 'BHT23', '', 'yes', '', '', 'Option 1'),
(31, 1, 'Renny Dental and Optical Service', 2, 'Group B', 'Severe Acute Respiratory Syndrome (SARS)', '2017-01-02', '2017-01-12', 'JTH70084', '14', 'yes', 'yes', '', 'Option 1'),
(32, 1, 'Nagaa Medical Centre', 3, 'Group A', 'Plague', '2015-01-13', '2015-01-14', 'BHT10', '', 'yes', 'yes', '', 'Consultant Physician');

CREATE TABLE IF NOT EXISTS `h411a` (
  `notifyId` varchar(8) NOT NULL,
  `rdhsDiv` varchar(8) NOT NULL,
  `mohArea` text NOT NULL,
  `mohRegNo` varchar(8) NOT NULL,
  `birthDate` date NOT NULL,
  `age` int(3) NOT NULL,
  `gender` text NOT NULL,
  `occupation` text NOT NULL,
  `sourceOfNotify` text NOT NULL,
  `specify` text,
  `diseaseAsNotify` text NOT NULL,
  `notifyDate` date NOT NULL,
  `diseaseAsConf` text NOT NULL,
  `confDate` date NOT NULL,
  `confirmedBy` text NOT NULL,
  `natureOfConf` text NOT NULL,
  `officeNote` text NOT NULL,
  PRIMARY KEY (`notifyId`)
) ENGINE=InnoDB DEFAULT CHARSET=latin1;
 
CREATE TABLE IF NOT EXISTS `h399` (
  `entryId` varchar(8) NOT NULL,
  `weekEndDate` date NOT NULL,
  `province` text NOT NULL,
  `district` text NOT NULL,
  `rdhsDiv` varchar(8) NOT NULL,
  `mohArea` text NOT NULL,
  PRIMARY KEY (`entryId`)
) ENGINE=InnoDB DEFAULT CHARSET=latin1;

CREATE TABLE IF NOT EXISTS `weeklySummary` (
  `entryId` varchar(8) NOT NULL,
  `summary` text NOT NULL,
  `cholera` int(5) DEFAULT NULL,
  `polio` int(5) DEFAULT NULL,
  `chickenPox` int(5) DEFAULT NULL,
  `dengue` int(5) DEFAULT NULL,
  `diphtheria` int(5) DEFAULT NULL,
  `dysentery` int(5) DEFAULT NULL,
  `encephalitis` int(5) DEFAULT NULL,
  `entericFever` int(5) DEFAULT NULL,
  `foodPoisoning` int(5) DEFAULT NULL,
  `humanRabies` int(5) DEFAULT NULL,
  `leptospirosis` int(5) DEFAULT NULL,
  `malaria` int(5) DEFAULT NULL,
  `neasles` int(5) DEFAULT NULL,
  `meningities` int(5) DEFAULT NULL,
  `mumps` int(5) DEFAULT NULL,
  `rubella` int(5) DEFAULT NULL,
  `congenitalRubella` int(5) DEFAULT NULL,
  `sampleConFever` int(5) DEFAULT NULL,
  `tetanus` int(5) DEFAULT NULL,
  `neonatal` int(5) DEFAULT NULL,
  `typhusFever` int(5) DEFAULT NULL,
  `viralHepatitis` int(5) DEFAULT NULL,
  `whoopingCough` int(5) DEFAULT NULL,
  `tuberculosis` int(5) DEFAULT NULL,
  PRIMARY KEY (`entryId`)
) ENGINE=InnoDB DEFAULT CHARSET=latin1;

CREATE TABLE IF NOT EXISTS `chankanai` (
  `entryId` varchar(8) NOT NULL,
  `phiArea` text NOT NULL,
  `cholera` int(5) DEFAULT NULL,
  `polio` int(5) DEFAULT NULL,
  `chickenPox` int(5) DEFAULT NULL,
  `dengue` int(5) DEFAULT NULL,
  `diphtheria` int(5) DEFAULT NULL,
  `dysentery` int(5) DEFAULT NULL,
  `encephalitis` int(5) DEFAULT NULL,
  `entericFever` int(5) DEFAULT NULL,
  `foodPoisoning` int(5) DEFAULT NULL,
  `humanRabies` int(5) DEFAULT NULL,
  `leptospirosis` int(5) DEFAULT NULL,
  `malaria` int(5) DEFAULT NULL,
  `neasles` int(5) DEFAULT NULL,
  `meningities` int(5) DEFAULT NULL,
  `mumps` int(5) DEFAULT NULL,
  `rubella` int(5) DEFAULT NULL,
  `congenitalRubella` int(5) DEFAULT NULL,
  `sampleConFever` int(5) DEFAULT NULL,
  `tetanus` int(5) DEFAULT NULL,
  `neonatal` int(5) DEFAULT NULL,
  `typhusFever` int(5) DEFAULT NULL,
  `viralHepatitis` int(5) DEFAULT NULL,
  `whoopingCough` int(5) DEFAULT NULL,
  `tuberculosis` int(5) DEFAULT NULL,
  PRIMARY KEY (`entryId`)
) ENGINE=InnoDB DEFAULT CHARSET=latin1;

CREATE TABLE IF NOT EXISTS `chavakachcheri` (
  `entryId` varchar(8) NOT NULL,
  `phiArea` text NOT NULL,
  `cholera` int(5) DEFAULT NULL,
  `polio` int(5) DEFAULT NULL,
  `chickenPox` int(5) DEFAULT NULL,
  `dengue` int(5) DEFAULT NULL,
  `diphtheria` int(5) DEFAULT NULL,
  `dysentery` int(5) DEFAULT NULL,
  `encephalitis` int(5) DEFAULT NULL,
  `entericFever` int(5) DEFAULT NULL,
  `foodPoisoning` int(5) DEFAULT NULL,
  `humanRabies` int(5) DEFAULT NULL,
  `leptospirosis` int(5) DEFAULT NULL,
  `malaria` int(5) DEFAULT NULL,
  `neasles` int(5) DEFAULT NULL,
  `meningities` int(5) DEFAULT NULL,
  `mumps` int(5) DEFAULT NULL,
  `rubella` int(5) DEFAULT NULL,
  `congenitalRubella` int(5) DEFAULT NULL,
  `sampleConFever` int(5) DEFAULT NULL,
  `tetanus` int(5) DEFAULT NULL,
  `neonatal` int(5) DEFAULT NULL,
  `typhusFever` int(5) DEFAULT NULL,
  `viralHepatitis` int(5) DEFAULT NULL,
  `whoopingCough` int(5) DEFAULT NULL,
  `tuberculosis` int(5) DEFAULT NULL,
  PRIMARY KEY (`entryId`)
) ENGINE=InnoDB DEFAULT CHARSET=latin1;

CREATE TABLE IF NOT EXISTS `jaffna` (
  `entryId` varchar(8) NOT NULL,
  `phiArea` text NOT NULL,
  `cholera` int(5) DEFAULT NULL,
  `polio` int(5) DEFAULT NULL,
  `chickenPox` int(5) DEFAULT NULL,
  `dengue` int(5) DEFAULT NULL,
  `diphtheria` int(5) DEFAULT NULL,
  `dysentery` int(5) DEFAULT NULL,
  `encephalitis` int(5) DEFAULT NULL,
  `entericFever` int(5) DEFAULT NULL,
  `foodPoisoning` int(5) DEFAULT NULL,
  `humanRabies` int(5) DEFAULT NULL,
  `leptospirosis` int(5) DEFAULT NULL,
  `malaria` int(5) DEFAULT NULL,
  `neasles` int(5) DEFAULT NULL,
  `meningities` int(5) DEFAULT NULL,
  `mumps` int(5) DEFAULT NULL,
  `rubella` int(5) DEFAULT NULL,
  `congenitalRubella` int(5) DEFAULT NULL,
  `sampleConFever` int(5) DEFAULT NULL,
  `tetanus` int(5) DEFAULT NULL,
  `neonatal` int(5) DEFAULT NULL,
  `typhusFever` int(5) DEFAULT NULL,
  `viralHepatitis` int(5) DEFAULT NULL,
  `whoopingCough` int(5) DEFAULT NULL,
  `tuberculosis` int(5) DEFAULT NULL,
  PRIMARY KEY (`entryId`)
) ENGINE=InnoDB DEFAULT CHARSET=latin1;

CREATE TABLE IF NOT EXISTS `karaveddy` (
  `entryId` varchar(8) NOT NULL,
  `phiArea` text NOT NULL,
  `cholera` int(5) DEFAULT NULL,
  `polio` int(5) DEFAULT NULL,
  `chickenPox` int(5) DEFAULT NULL,
  `dengue` int(5) DEFAULT NULL,
  `diphtheria` int(5) DEFAULT NULL,
  `dysentery` int(5) DEFAULT NULL,
  `encephalitis` int(5) DEFAULT NULL,
  `entericFever` int(5) DEFAULT NULL,
  `foodPoisoning` int(5) DEFAULT NULL,
  `humanRabies` int(5) DEFAULT NULL,
  `leptospirosis` int(5) DEFAULT NULL,
  `malaria` int(5) DEFAULT NULL,
  `neasles` int(5) DEFAULT NULL,
  `meningities` int(5) DEFAULT NULL,
  `mumps` int(5) DEFAULT NULL,
  `rubella` int(5) DEFAULT NULL,
  `congenitalRubella` int(5) DEFAULT NULL,
  `sampleConFever` int(5) DEFAULT NULL,
  `tetanus` int(5) DEFAULT NULL,
  `neonatal` int(5) DEFAULT NULL,
  `typhusFever` int(5) DEFAULT NULL,
  `viralHepatitis` int(5) DEFAULT NULL,
  `whoopingCough` int(5) DEFAULT NULL,
  `tuberculosis` int(5) DEFAULT NULL,
  PRIMARY KEY (`entryId`)
) ENGINE=InnoDB DEFAULT CHARSET=latin1;

CREATE TABLE IF NOT EXISTS `kayts` (
  `entryId` varchar(8) NOT NULL,
  `phiArea` text NOT NULL,
  `cholera` int(5) DEFAULT NULL,
  `polio` int(5) DEFAULT NULL,
  `chickenPox` int(5) DEFAULT NULL,
  `dengue` int(5) DEFAULT NULL,
  `diphtheria` int(5) DEFAULT NULL,
  `dysentery` int(5) DEFAULT NULL,
  `encephalitis` int(5) DEFAULT NULL,
  `entericFever` int(5) DEFAULT NULL,
  `foodPoisoning` int(5) DEFAULT NULL,
  `humanRabies` int(5) DEFAULT NULL,
  `leptospirosis` int(5) DEFAULT NULL,
  `malaria` int(5) DEFAULT NULL,
  `neasles` int(5) DEFAULT NULL,
  `meningities` int(5) DEFAULT NULL,
  `mumps` int(5) DEFAULT NULL,
  `rubella` int(5) DEFAULT NULL,
  `congenitalRubella` int(5) DEFAULT NULL,
  `sampleConFever` int(5) DEFAULT NULL,
  `tetanus` int(5) DEFAULT NULL,
  `neonatal` int(5) DEFAULT NULL,
  `typhusFever` int(5) DEFAULT NULL,
  `viralHepatitis` int(5) DEFAULT NULL,
  `whoopingCough` int(5) DEFAULT NULL,
  `tuberculosis` int(5) DEFAULT NULL,
  PRIMARY KEY (`entryId`)
) ENGINE=InnoDB DEFAULT CHARSET=latin1;

CREATE TABLE IF NOT EXISTS `kopay` (
  `entryId` varchar(8) NOT NULL,
  `phiArea` text NOT NULL,
  `cholera` int(5) DEFAULT NULL,
  `polio` int(5) DEFAULT NULL,
  `chickenPox` int(5) DEFAULT NULL,
  `dengue` int(5) DEFAULT NULL,
  `diphtheria` int(5) DEFAULT NULL,
  `dysentery` int(5) DEFAULT NULL,
  `encephalitis` int(5) DEFAULT NULL,
  `entericFever` int(5) DEFAULT NULL,
  `foodPoisoning` int(5) DEFAULT NULL,
  `humanRabies` int(5) DEFAULT NULL,
  `leptospirosis` int(5) DEFAULT NULL,
  `malaria` int(5) DEFAULT NULL,
  `neasles` int(5) DEFAULT NULL,
  `meningities` int(5) DEFAULT NULL,
  `mumps` int(5) DEFAULT NULL,
  `rubella` int(5) DEFAULT NULL,
  `congenitalRubella` int(5) DEFAULT NULL,
  `sampleConFever` int(5) DEFAULT NULL,
  `tetanus` int(5) DEFAULT NULL,
  `neonatal` int(5) DEFAULT NULL,
  `typhusFever` int(5) DEFAULT NULL,
  `viralHepatitis` int(5) DEFAULT NULL,
  `whoopingCough` int(5) DEFAULT NULL,
  `tuberculosis` int(5) DEFAULT NULL,
  PRIMARY KEY (`entryId`)
) ENGINE=InnoDB DEFAULT CHARSET=latin1;

CREATE TABLE IF NOT EXISTS `nallur` (
  `entryId` varchar(8) NOT NULL,
  `phiArea` text NOT NULL,
  `cholera` int(5) DEFAULT NULL,
  `polio` int(5) DEFAULT NULL,
  `chickenPox` int(5) DEFAULT NULL,
  `dengue` int(5) DEFAULT NULL,
  `diphtheria` int(5) DEFAULT NULL,
  `dysentery` int(5) DEFAULT NULL,
  `encephalitis` int(5) DEFAULT NULL,
  `entericFever` int(5) DEFAULT NULL,
  `foodPoisoning` int(5) DEFAULT NULL,
  `humanRabies` int(5) DEFAULT NULL,
  `leptospirosis` int(5) DEFAULT NULL,
  `malaria` int(5) DEFAULT NULL,
  `neasles` int(5) DEFAULT NULL,
  `meningities` int(5) DEFAULT NULL,
  `mumps` int(5) DEFAULT NULL,
  `rubella` int(5) DEFAULT NULL,
  `congenitalRubella` int(5) DEFAULT NULL,
  `sampleConFever` int(5) DEFAULT NULL,
  `tetanus` int(5) DEFAULT NULL,
  `neonatal` int(5) DEFAULT NULL,
  `typhusFever` int(5) DEFAULT NULL,
  `viralHepatitis` int(5) DEFAULT NULL,
  `whoopingCough` int(5) DEFAULT NULL,
  `tuberculosis` int(5) DEFAULT NULL,
  PRIMARY KEY (`entryId`)
) ENGINE=InnoDB DEFAULT CHARSET=latin1;

CREATE TABLE IF NOT EXISTS `pointpedro` (
  `entryId` varchar(8) NOT NULL,
  `phiArea` text NOT NULL,
  `cholera` int(5) DEFAULT NULL,
  `polio` int(5) DEFAULT NULL,
  `chickenPox` int(5) DEFAULT NULL,
  `dengue` int(5) DEFAULT NULL,
  `diphtheria` int(5) DEFAULT NULL,
  `dysentery` int(5) DEFAULT NULL,
  `encephalitis` int(5) DEFAULT NULL,
  `entericFever` int(5) DEFAULT NULL,
  `foodPoisoning` int(5) DEFAULT NULL,
  `humanRabies` int(5) DEFAULT NULL,
  `leptospirosis` int(5) DEFAULT NULL,
  `malaria` int(5) DEFAULT NULL,
  `neasles` int(5) DEFAULT NULL,
  `meningities` int(5) DEFAULT NULL,
  `mumps` int(5) DEFAULT NULL,
  `rubella` int(5) DEFAULT NULL,
  `congenitalRubella` int(5) DEFAULT NULL,
  `sampleConFever` int(5) DEFAULT NULL,
  `tetanus` int(5) DEFAULT NULL,
  `neonatal` int(5) DEFAULT NULL,
  `typhusFever` int(5) DEFAULT NULL,
  `viralHepatitis` int(5) DEFAULT NULL,
  `whoopingCough` int(5) DEFAULT NULL,
  `tuberculosis` int(5) DEFAULT NULL,
  PRIMARY KEY (`entryId`)
) ENGINE=InnoDB DEFAULT CHARSET=latin1;

CREATE TABLE IF NOT EXISTS `sandilipay` (
  `entryId` varchar(8) NOT NULL,
  `phiArea` text NOT NULL,
  `cholera` int(5) DEFAULT NULL,
  `polio` int(5) DEFAULT NULL,
  `chickenPox` int(5) DEFAULT NULL,
  `dengue` int(5) DEFAULT NULL,
  `diphtheria` int(5) DEFAULT NULL,
  `dysentery` int(5) DEFAULT NULL,
  `encephalitis` int(5) DEFAULT NULL,
  `entericFever` int(5) DEFAULT NULL,
  `foodPoisoning` int(5) DEFAULT NULL,
  `humanRabies` int(5) DEFAULT NULL,
  `leptospirosis` int(5) DEFAULT NULL,
  `malaria` int(5) DEFAULT NULL,
  `neasles` int(5) DEFAULT NULL,
  `meningities` int(5) DEFAULT NULL,
  `mumps` int(5) DEFAULT NULL,
  `rubella` int(5) DEFAULT NULL,
  `congenitalRubella` int(5) DEFAULT NULL,
  `sampleConFever` int(5) DEFAULT NULL,
  `tetanus` int(5) DEFAULT NULL,
  `neonatal` int(5) DEFAULT NULL,
  `typhusFever` int(5) DEFAULT NULL,
  `viralHepatitis` int(5) DEFAULT NULL,
  `whoopingCough` int(5) DEFAULT NULL,
  `tuberculosis` int(5) DEFAULT NULL,
  PRIMARY KEY (`entryId`)
) ENGINE=InnoDB DEFAULT CHARSET=latin1;

CREATE TABLE IF NOT EXISTS `tellipalai` (
  `entryId` varchar(8) NOT NULL,
  `phiArea` text NOT NULL,
  `cholera` int(5) DEFAULT NULL,
  `polio` int(5) DEFAULT NULL,
  `chickenPox` int(5) DEFAULT NULL,
  `dengue` int(5) DEFAULT NULL,
  `diphtheria` int(5) DEFAULT NULL,
  `dysentery` int(5) DEFAULT NULL,
  `encephalitis` int(5) DEFAULT NULL,
  `entericFever` int(5) DEFAULT NULL,
  `foodPoisoning` int(5) DEFAULT NULL,
  `humanRabies` int(5) DEFAULT NULL,
  `leptospirosis` int(5) DEFAULT NULL,
  `malaria` int(5) DEFAULT NULL,
  `neasles` int(5) DEFAULT NULL,
  `meningities` int(5) DEFAULT NULL,
  `mumps` int(5) DEFAULT NULL,
  `rubella` int(5) DEFAULT NULL,
  `congenitalRubella` int(5) DEFAULT NULL,
  `sampleConFever` int(5) DEFAULT NULL,
  `tetanus` int(5) DEFAULT NULL,
  `neonatal` int(5) DEFAULT NULL,
  `typhusFever` int(5) DEFAULT NULL,
  `viralHepatitis` int(5) DEFAULT NULL,
  `whoopingCough` int(5) DEFAULT NULL,
  `tuberculosis` int(5) DEFAULT NULL,
  PRIMARY KEY (`entryId`)
) ENGINE=InnoDB DEFAULT CHARSET=latin1;

CREATE TABLE IF NOT EXISTS `uduvil` (
  `entryId` varchar(8) NOT NULL,
  `phiArea` text NOT NULL,
  `cholera` int(5) DEFAULT NULL,
  `polio` int(5) DEFAULT NULL,
  `chickenPox` int(5) DEFAULT NULL,
  `dengue` int(5) DEFAULT NULL,
  `diphtheria` int(5) DEFAULT NULL,
  `dysentery` int(5) DEFAULT NULL,
  `encephalitis` int(5) DEFAULT NULL,
  `entericFever` int(5) DEFAULT NULL,
  `foodPoisoning` int(5) DEFAULT NULL,
  `humanRabies` int(5) DEFAULT NULL,
  `leptospirosis` int(5) DEFAULT NULL,
  `malaria` int(5) DEFAULT NULL,
  `neasles` int(5) DEFAULT NULL,
  `meningities` int(5) DEFAULT NULL,
  `mumps` int(5) DEFAULT NULL,
  `rubella` int(5) DEFAULT NULL,
  `congenitalRubella` int(5) DEFAULT NULL,
  `sampleConFever` int(5) DEFAULT NULL,
  `tetanus` int(5) DEFAULT NULL,
  `neonatal` int(5) DEFAULT NULL,
  `typhusFever` int(5) DEFAULT NULL,
  `viralHepatitis` int(5) DEFAULT NULL,
  `whoopingCough` int(5) DEFAULT NULL,
  `tuberculosis` int(5) DEFAULT NULL,
  PRIMARY KEY (`entryId`)
) ENGINE=InnoDB DEFAULT CHARSET=latin1;

CREATE TABLE IF NOT EXISTS `total` (
  `entryId` varchar(8) NOT NULL,
  `mohArea` text NOT NULL,
  `cholera` int(5) DEFAULT NULL,
  `polio` int(5) DEFAULT NULL,
  `chickenPox` int(5) DEFAULT NULL,
  `dengue` int(5) DEFAULT NULL,
  `diphtheria` int(5) DEFAULT NULL,
  `dysentery` int(5) DEFAULT NULL,
  `encephalitis` int(5) DEFAULT NULL,
  `entericFever` int(5) DEFAULT NULL,
  `foodPoisoning` int(5) DEFAULT NULL,
  `humanRabies` int(5) DEFAULT NULL,
  `leptospirosis` int(5) DEFAULT NULL,
  `malaria` int(5) DEFAULT NULL,
  `neasles` int(5) DEFAULT NULL,
  `meningities` int(5) DEFAULT NULL,
  `mumps` int(5) DEFAULT NULL,
  `rubella` int(5) DEFAULT NULL,
  `congenitalRubella` int(5) DEFAULT NULL,
  `sampleConFever` int(5) DEFAULT NULL,
  `tetanus` int(5) DEFAULT NULL,
  `neonatal` int(5) DEFAULT NULL,
  `typhusFever` int(5) DEFAULT NULL,
  `viralHepatitis` int(5) DEFAULT NULL,
  `whoopingCough` int(5) DEFAULT NULL,
  `tuberculosis` int(5) DEFAULT NULL,
  PRIMARY KEY (`entryId`)
) ENGINE=InnoDB DEFAULT CHARSET=latin1;

CREATE TABLE IF NOT EXISTS `h411` (
  `notifyId` varchar(8) NOT NULL,
  `phiRegNo` varchar(8) NOT NULL,
  `phiRange` text NOT NULL,
  `mohNotifyNo` text NOT NULL,
  `mohArea` text NOT NULL,
  `mohRegNo` varchar(8) NOT NULL,
  `diseaseNotified` text NOT NULL,
  `notifyDate` date NOT NULL,
  `diseaseConf` text NOT NULL,
  `confDate` date NOT NULL,
  `patFname` text NOT NULL,
  `patLname` text NOT NULL,
  `addLine1` text NOT NULL,
  `addLine2` text,
  `province` text NOT NULL,
  `district` text NOT NULL,
  `dsDiv` text NOT NULL,
  `gsDiv` text NOT NULL,
  `birthDate` date NOT NULL,
  `age` int(3) NOT NULL,
  `gender` text NOT NULL,
  `ethnicGroup` text,
  `onsetDate` date NOT NULL,
  `hospDate` date NOT NULL,
  `dischDate` date NOT NULL,
  `hospital` text NOT NULL,
  `outcome` text NOT NULL,
  `isolated` text NOT NULL,
  `patMovement` text NOT NULL,
  `labFinding` text NOT NULL,
  PRIMARY KEY (`notifyId`)
) ENGINE=InnoDB DEFAULT CHARSET=latin1;

CREATE TABLE IF NOT EXISTS `contactInvesticate` (
  `notifyId` varchar(8) NOT NULL,
  `contId` varchar(8) NOT NULL,
  `firstName` text NOT NULL,
  `lastName` text NOT NULL,
  `age` int(3) NOT NULL,
  `seenDate` date NOT NULL,
  `opsevation` text NOT NULL,
  PRIMARY KEY (`notifyId`,`contId`)
) ENGINE=InnoDB DEFAULT CHARSET=latin1;

CREATE TABLE IF NOT EXISTS `patientEventHistory` (
  `notifyId` varchar(8) NOT NULL,
  `symptomDevelop` text,
  `indigenous` text,
  `western` text,
  `bothTreatment` text,
  `noTreatment` text,
  `complication` text,
  `foreign` text,
  PRIMARY KEY (`notifyId`)
) ENGINE=InnoDB DEFAULT CHARSET=latin1;